,classification,Size USD
0,Extreme Greed,5660.265764148233
1,Fear,5259.977836723413
2,Greed,3182.883844966794
3,Neutral,3058.8481095084726
