,Consistency Type,Average PnL,Trade Count,Average Trade Size (USD)
0,Consistent,41.83709369182592,102825,3558.544629613421
1,Inconsistent,72.73447821582063,81438,6323.8883308774775
