Market Sentiment,Average Daily PnL,Win Rate (%),Drawdown Proxy (Avg Neg Daily PnL)
Greed,99675.5167305,44.647138251260714,-327505.900056
Extreme Greed,35393.0983548,49.008905486929045,-6741.7435860000005
Neutral,19842.797259749997,31.71824674415348,-12405.7923535
Fear,209372.66220543752,41.51459240612231,-39938.069817
