,Trader Type,Average PnL,Win Rate (%),Average Trade Size (USD)
0,Frequent,47.326964589153796,42.681368432582424,4796.8485599449905
1,Infrequent,122.82704586321442,36.705303828591504,4647.842750765217
